{
    "n_estimators": 215,
    "learning_rate": 0.001525245812952834,
    "max_depth": 15,
    "min_child_weight": 9,
    "subsample": 0.5,
    "colsample_bytree": 1.0,
    "reg_lambda": 0.0032086461317014604,
    "reg_alpha": 1
}