{
    "C": 80.48781164573361,
    "gamma": "scale",
    "tol": 0.001030140425971245
}