{
    "n_estimators": 293,
    "learning_rate": 0.04053427511961286,
    "max_depth": 5,
    "num_leaves": 11,
    "min_child_samples": 132,
    "min_split_gain": 2.285508681993327,
    "subsample": 0.4002714837023701,
    "colsample_bytree": 0.5472974225950907,
    "reg_alpha": 6.428219075625498,
    "reg_lambda": 5.912780853236247
}